{"cameraMode":{"drawMode":0,"name":"Shaded","section":"Shading Mode"},"sceneLighting":false,"audioPlay":false,"sceneViewState":{"showFog":true,"showMaterialUpdate":false,"showSkybox":false,"showFlares":true,"showImageEffects":true,"showParticleSystems":true},"in2DMode":false,"pivot":{"x":-0.27947402000427248,"y":1.446000099182129,"z":-0.4393385648727417},"rotation":{"x":0.34260404109954836,"y":-0.35369232296943667,"z":0.14104413986206056,"w":0.8589959740638733},"size":3.0551047325134279,"orthographic":false}