{"cameraMode":{"drawMode":0,"name":"Shaded","section":"Shading Mode"},"sceneLighting":true,"audioPlay":false,"sceneViewState":{"showFog":true,"showMaterialUpdate":false,"showSkybox":true,"showFlares":true,"showImageEffects":true,"showParticleSystems":true},"in2DMode":false,"pivot":{"x":1.4945896863937379,"y":1.0799508094787598,"z":-1.503835916519165},"rotation":{"x":0.36877670884132388,"y":-0.03958515077829361,"z":0.015688547864556314,"w":0.9286819696426392},"size":4.4177565574646,"orthographic":false}