{"cameraMode":{"drawMode":0,"name":"Shaded","section":"Shading Mode"},"sceneLighting":true,"audioPlay":false,"sceneViewState":{"showFog":true,"showMaterialUpdate":false,"showSkybox":true,"showFlares":true,"showImageEffects":true,"showParticleSystems":true},"in2DMode":false,"pivot":{"x":0.4046992063522339,"y":3.1091341972351076,"z":-0.09060859680175781},"rotation":{"x":0.2685895562171936,"y":-0.0856945663690567,"z":0.023964935913681985,"w":0.9592716097831726},"size":11.096012115478516,"orthographic":false}