{"cameraMode":{"drawMode":0,"name":"Shaded","section":"Shading Mode"},"sceneLighting":true,"audioPlay":false,"sceneViewState":{"showFog":true,"showMaterialUpdate":false,"showSkybox":true,"showFlares":true,"showImageEffects":true,"showParticleSystems":true},"in2DMode":false,"pivot":{"x":1.9216325283050538,"y":0.852672815322876,"z":-2.282121419906616},"rotation":{"x":0.3430256247520447,"y":-0.3511137366294861,"z":0.14001569151878358,"w":0.8600531816482544},"size":5.6088409423828129,"orthographic":false}